{
  "Ash Wednesday": { "OT": "Genesis 1:1-19", "NT": "Mark 1:1-13" },
  "Ash Thursday": { "OT": "Genesis 1:20-2:3", "NT": "Mark 1:14-28" },
  "Ash Friday": { "OT": "Genesis 2:4-25", "NT": "Mark 1:29-45" },
  "Ash Saturday": { "OT": "Genesis 3:1-24", "NT": "Mark 2:1-17" },
  "Lent 1 Sunday": { "OT": "Genesis 4:1-26", "NT": "Mark 2:18-28" },
  "Lent 1 Monday": { "OT": "Genesis 6:1-7:5", "NT": "Mark 3:1-19" },
  "Lent 1 Tuesday": { "OT": "Genesis 7:11-8:12", "NT": "Mark 3:20-35" },
  "Lent 1 Wednesday": { "OT": "Genesis 8:13-9:17", "NT": "Mark 4:1-20" },
  "Lent 1 Thursday": { "OT": "Genesis 11:27-12:20", "NT": "Mark 4:21-41" },
  "Lent 1 Friday": { "OT": "Genesis 13:1-18", "NT": "Mark 5:1-20" },
  "Lent 1 Saturday": { "OT": "Genesis 15:1-21", "NT": "Mark 5:21-43" },
  "Lent 2 Sunday": { "OT": "Genesis 16:1-9; 15-17:22", "NT": "Mark 6:1-13" },
  "Lent 2 Monday": { "OT": "Genesis 18:1-15", "NT": "Mark 6:14-34" },
  "Lent 2 Tuesday": { "OT": "Genesis 21:1-21", "NT": "Mark 6:35-56" },
  "Lent 2 Wednesday": { "OT": "Genesis 22:1-19", "NT": "Mark 7:1-23" },
  "Lent 2 Thursday": { "OT": "Genesis 24:1-31", "NT": "Mark 7:24-37" },
  "Lent 2 Friday": { "OT": "Genesis 24:32-52; 61-67", "NT": "Mark 8:1-21" },
  "Lent 2 Saturday": { "OT": "Genesis 27:1-29", "NT": "Mark 8:22-38" },
  "Lent 3 Sunday": { "OT": "Genesis 27:30-45; 28:10-22", "NT": "Mark 9:1-13" },
  "Lent 3 Monday": { "OT": "Genesis 29:1-30", "NT": "Mark 9:14-32" },
  "Lent 3 Tuesday": { "OT": "Genesis 35:1-29", "NT": "Mark 9:33-50" },
  "Lent 3 Wednesday": { "OT": "Genesis 37:1-36", "NT": "Mark 10:1-12" },
  "Lent 3 Thursday": { "OT": "Genesis 39:1-23", "NT": "Mark 10:13-31" },
  "Lent 3 Friday": { "OT": "Genesis 40:1-23", "NT": "Mark 10:32-52" },
  "Lent 3 Saturday": { "OT": "Genesis 41:1-27", "NT": "Mark 11:1-19" },
  "Lent 4 Sunday": { "OT": "Genesis 41:28-57", "NT": "Mark 11:20-33" },
  "Lent 4 Monday": { "OT": "Genesis 42:1-34; 38", "NT": "Mark 12:1-12" },
  "Lent 4 Tuesday": { "OT": "Genesis 43:1-28", "NT": "Mark 12:13-27" },
  "Lent 4 Wednesday": { "OT": "Genesis 44:1-18; 32-34", "NT": "Mark 12:28-44" },
  "Lent 4 Thursday": { "OT": "Genesis 45:1-20; 24-28", "NT": "Mark 13:1-23" },
  "Lent 4 Friday": { "OT": "Genesis 47:1-31", "NT": "Mark 13:24-37" },
  "Lent 4 Saturday": { "OT": "Genesis 49:29-50:7; 14-26", "NT": "Mark 14:1-11" },
  "Lent 5 Sunday": { "OT": "Exodus 1:1-22", "NT": "Mark 14:12-31" },
  "Lent 5 Monday": { "OT": "Exodus 2:1-22", "NT": "Mark 14:32-52" },
  "Lent 5 Tuesday": { "OT": "Exodus 2:23-3:22", "NT": "Mark 14:53-72" },
  "Lent 5 Wednesday": { "OT": "Exodus 4:1-18", "NT": "Mark 15:1-15" },
  "Lent 5 Thursday": { "OT": "Exodus 4:19-31", "NT": "Mark 15:16-32" },
  "Lent 5 Friday": { "OT": "Exodus 5:1-6:1", "NT": "Mark 15:33-47" },
  "Lent 5 Saturday": { "OT": "Exodus 7:1-25", "NT": "Mark 16:1-20" },
  "Palm Sunday": { "OT": "Exodus 8:1-32", "NT": "Hebrews 1:1-14" },
  "Holy Week Monday": { "OT": "Exodus 9:1-28", "NT": "Hebrews 2:1-18" },
  "Holy Week Tuesday": { "OT": "Exodus 9:29-10:20", "NT": "Hebrews 3:1-19" },
  "Holy Week Wednesday": { "OT": "Exodus 10:21-11:10", "NT": "Hebrews 4:1-16" },
  "Maundy Thursday": { "OT": "Exodus 12:1-28", "NT": "Hebrews 5:1-14" },
  "Good Friday": { "OT": "Exodus 12:29-32; 13:1-16", "NT": "Hebrews 6:1-20" },
  "Holy Saturday": { "OT": "Exodus 13:17-14:9", "NT": "Hebrews 7:1-22" },
  "Easter Sunday": { "OT": "Exodus 14:10-31", "NT": "Hebrews 7:23-8:13" },
  "Easter Monday": { "OT": "Exodus 15:1-18", "NT": "Hebrews 9:1-28" },
  "Easter Tuesday": { "OT": "Exodus 15:19-16:12", "NT": "Hebrews 10:1-18" },
  "Easter Wednesday": { "OT": "Exodus 16:13-35", "NT": "Hebrews 10:19-39" },
  "Easter Thursday": { "OT": "Exodus 17:1-16", "NT": "Hebrews 11:1-29" },
  "Easter Friday": { "OT": "Exodus 18:5-27", "NT": "Hebrews 12:1-24" },
  "Easter Saturday": { "OT": "Exodus 19:1-25", "NT": "Hebrews 13:1-21" },
  "Easter 2 Sunday": { "OT": "Exodus 20:1-24", "NT": "Luke 4:1-15" },
  "Easter 2 Monday": { "OT": "Exodus 22:20-23:13", "NT": "Luke 4:16-30" },
  "Easter 2 Tuesday": { "OT": "Exodus 23:14-33", "NT": "Luke 4:31-44" },
  "Easter 2 Wednesday": { "OT": "Exodus 24:1-18", "NT": "Luke 5:1-16" },
  "Easter 2 Thursday": { "OT": "Exodus 25:1-22", "NT": "Luke 5:17-39" },
  "Easter 2 Friday": { "OT": "Exodus 31:1-18", "NT": "Luke 6:1-19" },
  "Easter 2 Saturday": { "OT": "Exodus 32:1-14", "NT": "Luke 6:20-38" },
  "Easter 3 Sunday": { "OT": "Exodus 32:15-35", "NT": "Luke 6:39-49" },
  "Easter 3 Monday": { "OT": "Exodus 33:1-23", "NT": "Luke 7:1-17" },
  "Easter 3 Tuesday": { "OT": "Exodus 34:1-28", "NT": "Luke 7:18-35" },
  "Easter 3 Wednesday": { "OT": "Exodus 34:29-35:21", "NT": "Luke 7:36-50" },
  "Easter 3 Thursday": {
    "OT": "Exodus 38:21-39:8;22-23;27-31",
    "NT": "Luke 8:1-21"
  },
  "Easter 3 Friday": { "OT": "Exodus 39:32-40:16", "NT": "Luke 8:22-39" },
  "Easter 3 Saturday": { "OT": "Exodus 40:17-38", "NT": "Luke 8:40-56" },
  "Easter 4 Sunday": { "OT": "Leviticus 8:1-13; 30-36", "NT": "Luke 9:1-17" },
  "Easter 4 Monday": { "OT": "Leviticus 9:1-24", "NT": "Luke 9:18-36" },
  "Easter 4 Tuesday": { "OT": "Leviticus 10:1-20", "NT": "Luke 9:37-62" },
  "Easter 4 Wednesday": { "OT": "Leviticus 16:1-24", "NT": "Luke 10:1-22" },
  "Easter 4 Thursday": { "OT": "Leviticus 17:1-16", "NT": "Luke 10:23-42" },
  "Easter 4 Friday": { "OT": "Leviticus 18:1-7; 20-19:8", "NT": "Luke 11:1-13" },
  "Easter 4 Saturday": { "OT": "Leviticus 19:9-18; 26-37", "NT": "Luke 11:14-36" },
  "Easter 5 Sunday": { "OT": "Leviticus 20:1-16; 22-27", "NT": "Luke 11:37-54" },
  "Easter 5 Monday": { "OT": "Leviticus 21:1-24", "NT": "Luke 12:1-12" },
  "Easter 5 Tuesday": { "OT": "Leviticus 23:1-22", "NT": "Luke 12:13-34" },
  "Easter 5 Wednesday": { "OT": "Leviticus 23:23-44", "NT": "Luke 12:35-53" },
  "Easter 5 Thursday": { "OT": "Leviticus 24:1-23", "NT": "Luke 12:54-13:17" },
  "Easter 5 Friday": { "OT": "Leviticus 26:1-20", "NT": "Luke 13:18-35" },
  "Easter 5 Saturday": {
    "OT": "Leviticus 26:21-33; 39-44",
    "NT": "Luke 14:1-24"
  },
  "Easter 6 Sunday": { "OT": "Numbers 3:1-16; 39-48", "NT": "Luke 14:25-15:10" },
  "Easter 6 Monday": { "OT": "Numbers 8:5-26", "NT": "Luke 15:11-32" },
  "Easter 6 Tuesday": { "OT": "Numbers 9:1-23", "NT": "Luke 16:1-18" },
  "Easter 6 Wednesday": { "OT": "Numbers 10:11-36", "NT": "Luke 16:19-31" },
  "Ascension Day": { "OT": "Numbers 11:1-23; 31-35", "NT": "Luke 17:1-19" },
  "Easter 6 Friday": { "OT": "Numbers 11:24-29; 12:1-16", "NT": "Luke 17:20-37" },
  "Easter 6 Saturday": { "OT": "Numbers 13:1-3; 17-33", "NT": "Luke 18:1-17" },
  "Easter 7 Sunday": { "OT": "Numbers 14:1-25", "NT": "Luke 18:18-34" },
  "Easter 7 Monday": { "OT": "Numbers 14:26-45", "NT": "Luke 18:35-19:10" },
  "Easter 7 Tuesday": { "OT": "Numbers 16:1-22", "NT": "Luke 19:11-28" },
  "Easter 7 Wednesday": { "OT": "Numbers 16:23-40", "NT": "Luke 19:29-48" },
  "Easter 7 Thursday": { "OT": "Numbers 16:41-17:13", "NT": "Luke 20:1-18" },
  "Easter 7 Friday": { "OT": "Numbers 20:1-21", "NT": "Luke 20:19-44" },
  "Easter 7 Saturday": { "OT": "Numbers 20:22-21:9", "NT": "Luke 20:45-21:19" },
  "Pentecost Sunday": { "OT": "Numbers 21:10-35", "NT": "Luke 21:20-38" },
  "Pentecost Monday": { "OT": "Numbers 22:1-20", "NT": "Luke 22:1-23" },
  "Pentecost Tuesday": { "OT": "Numbers 22:21-23:3", "NT": "Luke 22:24-46" },
  "Pentecost Wednesday": { "OT": "Numbers 23:4-28", "NT": "Luke 22:47-71" },
  "Pentecost Thursday": { "OT": "Numbers 24:1-25", "NT": "Luke 23:1-25" },
  "Pentecost Friday": { "OT": "Numbers 27:12-23", "NT": "Luke 23:26-56" },
  "Pentecost Saturday": { "OT": "Numbers 32:1-6; 16-27", "NT": "Luke 24:1-27" },
  "Holy Trinity": { "OT": "Numbers 35:9-30", "NT": "Luke 24:28-53" },
  "18 May": { "OT": "Song of Solomon 1:1-2:7", "NT": "John 5:1-18" },
  "19 May": { "OT": "Song of Solomon 2:8-3:11", "NT": "John 5:19-29" },
  "20 May": { "OT": "Song of Solomon 4:1-5:1", "NT": "John 5:30-47" },
  "21 May": { "OT": "Song of Solomon 5:2-6:3", "NT": "John 6:1-21" },
  "22 May": { "OT": "Song of Solomon 6:4-7:5", "NT": "John 6:22-40" },
  "23 May": { "OT": "Song of Solomon 7:6-8:14", "NT": "John 6:41-59" },
  "24 May": { "OT": "Ecclesiastes 1:1-18", "NT": "John 6:60-71" },
  "25 May": { "OT": "Ecclesiastes 2:1-26", "NT": "John 7:1-13" },
  "26 May": { "OT": "Ecclesiastes 3:1-22", "NT": "John 7:14-31" },
  "27 May": { "OT": "Ecclesiastes 4:1-16", "NT": "John 7:32-53" },
  "28 May": { "OT": "Ecclesiastes 5:1-20", "NT": "John 8:1-20" },
  "29 May": { "OT": "Ecclesiastes 6:1-7:10", "NT": "John 8:21-38" },
  "30 May": { "OT": "Ecclesiastes 7:11-29", "NT": "John 8:39-59" },
  "31 May": { "OT": "Ecclesiastes 8:1-17", "NT": "John 9:1-23" },
  "01 Jun": { "OT": "Ecclesiastes 9:1-17", "NT": "John 9:24-41" },
  "02 Jun": { "OT": "Ecclesiastes 10:1-20", "NT": "John 10:1-21" },
  "03 Jun": { "OT": "Ecclesiastes 11:1-10", "NT": "John 10:22-42" },
  "04 Jun": { "OT": "Ecclesiastes 12:1-14", "NT": "John 11:1-16" },
  "05 Jun": { "OT": "Proverbs 1:8-33", "NT": "John 11:17-37" },
  "06 Jun": { "OT": "Proverbs 3:5-24", "NT": "John 11:38-57" },
  "07 Jun": { "OT": "Proverbs 4:1-27", "NT": "John 12:1-19" },
  "08 Jun": { "OT": "Proverbs 5:1-23", "NT": "John 12:20-36a" },
  "09 Jun": { "OT": "Proverbs 8:1-21", "NT": "John 12:36b-50" },
  "10 Jun": { "OT": "Proverbs 8:22-36", "NT": "John 13:1-20" },
  "11 Jun": { "OT": "Proverbs 9:1-18", "NT": "John 13:21-38" },
  "12 Jun": { "OT": "Proverbs 10:1-23", "NT": "John 14:1-17" },
  "13 Jun": { "OT": "Proverbs 13:1-25", "NT": "John 14:18-31" },
  "14 Jun": { "OT": "Proverbs 14:1-27", "NT": "John 15:1-11" },
  "15 Jun": { "OT": "Proverbs 15:1-29", "NT": "John 15:12-27" },
  "16 Jun": { "OT": "Proverbs 16:1-24", "NT": "John 16:1-16" },
  "17 Jun": { "OT": "Proverbs 17:1-28", "NT": "John 16:17-33" },
  "18 Jun": { "OT": "Proverbs 20:5-25", "NT": "John 17:1-26" },
  "19 Jun": { "OT": "Proverbs 22:1-21", "NT": "John 18:1-14" },
  "20 Jun": { "OT": "Proverbs 22:22-23:12", "NT": "John 18:15-40" },
  "21 Jun": { "OT": "Proverbs 24:1-22", "NT": "John 19:1-22" },
  "22 Jun": { "OT": "Proverbs 25:1-22", "NT": "John 19:23-42" },
  "23 Jun": { "OT": "Proverbs 27:1-24", "NT": "John 20:1-18" },
  "24 Jun": { "OT": "Proverbs 30:1-9; 18-33", "NT": "John 20:19-31" },
  "25 Jun": { "OT": "Proverbs 31:10-31", "NT": "John 21:1-25" },
  "26 Jun": { "OT": "Joshua 1:1-18", "NT": "Acts 8:1-25" },
  "27 Jun": { "OT": "Joshua 2:1-24", "NT": "Acts 8:26-40" },
  "28 Jun": { "OT": "Joshua 3:1-17", "NT": "Acts 9:1-22" },
  "29 Jun": { "OT": "Joshua 4:1-24", "NT": "Acts 9:23-43" },
  "30 Jun": { "OT": "Joshua 5:1-6:5", "NT": "Acts 10:1-17" },
  "01 Jul": { "OT": "Joshua 6:6-27", "NT": "Acts 10:18-33" },
  "02 Jul": { "OT": "Joshua 7:1-26", "NT": "Acts 10:34-48" },
  "03 Jul": { "OT": "Joshua 8:1-28", "NT": "Acts 11:1-18" },
  "04 Jul": { "OT": "Joshua 10:1-25", "NT": "Acts 11:19-30" },
  "05 Jul": { "OT": "Joshua 23:1-16", "NT": "Acts 12:1-25" },
  "06 Jul": { "OT": "Joshua 24:1-31", "NT": "Acts 13:1-12" },
  "07 Jul": { "OT": "Judges 2:6-23", "NT": "Acts 13:13-41" },
  "08 Jul": { "OT": "Judges 3:7-31", "NT": "Acts 13:42-52" },
  "09 Jul": { "OT": "Judges 4:1-24", "NT": "Acts 14:1-18" },
  "10 Jul": { "OT": "Judges 6:1-24", "NT": "Acts 14:19-15:5" },
  "11 Jul": { "OT": "Judges 6:25-40", "NT": "Acts 15:6-21" },
  "12 Jul": { "OT": "Judges 7:1-23", "NT": "Galatians 1:1-24" },
  "13 Jul": { "OT": "Judges 13:1-25", "NT": "Galatians 2:1-21" },
  "14 Jul": { "OT": "Judges 14:1-20", "NT": "Galatians 3:1-22" },
  "15 Jul": { "OT": "Judges 15:1-16:3", "NT": "Galatians 3:23-4:11" },
  "16 Jul": { "OT": "Judges 16:4-30", "NT": "Galatians 4:12-31" },
  "17 Jul": { "OT": "1 Samuel 1:1-20", "NT": "Galatians 5:1-26" },
  "18 Jul": { "OT": "1 Samuel 1:21-2:17", "NT": "Galatians 6:1-18" },
  "19 Jul": { "OT": "1 Samuel 2:18-36", "NT": "Acts 15:22-41" },
  "20 Jul": { "OT": "1 Samuel 3:1-21", "NT": "Acts 16:1-22" },
  "21 Jul": { "OT": "1 Samuel 4:1-22", "NT": "Acts 16:23-40" },
  "22 Jul": { "OT": "1 Samuel 5:1-6:3; 10-16", "NT": "Acts 18:1-11; 23-28" },
  "23 Jul": { "OT": "1 Samuel 6:19-7:17", "NT": "Acts 19:1-22" },
  "24 Jul": { "OT": "1 Samuel 8:1-22", "NT": "Acts 21:15-36" },
  "25 Jul": { "OT": "1 Samuel 9:1-27", "NT": "Acts 21:37-22:16" },
  "26 Jul": { "OT": "1 Samuel 10:1-27", "NT": "Acts 22:17-29" },
  "27 Jul": { "OT": "1 Samuel 12:1-25", "NT": "Acts 22:30-23:11" },
  "28 Jul": { "OT": "1 Samuel 13:1-18", "NT": "Acts 23:12-35" },
  "29 Jul": { "OT": "1 Samuel 14:47-15:9", "NT": "Acts 24:1-23" },
  "30 Jul": { "OT": "1 Samuel 15:10-35", "NT": "Acts 24:24-25:12" },
  "31 Jul": { "OT": "1 Samuel 16:1-23", "NT": "Acts 25:13-27" },
  "01 Aug": { "OT": "1 Samuel 17:1-19", "NT": "Acts 26:1-23" },
  "02 Aug": { "OT": "1 Samuel 17:20-47", "NT": "Acts 26:24-27:8" },
  "03 Aug": { "OT": "1 Samuel 17:48-18:9", "NT": "Acts 27:9-26" },
  "04 Aug": { "OT": "1 Samuel 18:10-30", "NT": "Acts 27:27-44" },
  "05 Aug": { "OT": "1 Samuel 19:1-24", "NT": "Acts 28:1-15" },
  "06 Aug": { "OT": "1 Samuel 20:1-23", "NT": "Acts 28:16-31" },
  "07 Aug": { "OT": "1 Samuel 20:24-42", "NT": "1 Corinthians 1:1-25" },
  "08 Aug": { "OT": "1 Samuel 24:1-22", "NT": "1 Corinthians 1:26-2:16" },
  "09 Aug": { "OT": "1 Samuel 25:1-22", "NT": "1 Corinthians 3:1-23" },
  "10 Aug": { "OT": "1 Samuel 25:23-44", "NT": "1 Corinthians 4:1-21" },
  "11 Aug": { "OT": "1 Samuel 26:1-25", "NT": "1 Corinthians 5:1-13" },
  "12 Aug": { "OT": "1 Samuel 27:1-28:2", "NT": "1 Corinthians 6:1-20" },
  "13 Aug": { "OT": "1 Samuel 28:3-25", "NT": "1 Corinthians 7:1-24" },
  "14 Aug": { "OT": "1 Samuel 31:1-13", "NT": "1 Corinthians 7:25-40" },
  "15 Aug": { "OT": "2 Samuel 1:1-27", "NT": "1 Corinthians 8:1-13" },
  "16 Aug": { "OT": "2 Samuel 6:1-19", "NT": "1 Corinthians 9:1-23" },
  "17 Aug": { "OT": "2 Samuel 7:1-17", "NT": "1 Corinthians 9:24-10:22" },
  "18 Aug": { "OT": "2 Samuel 7:18-29", "NT": "1 Corinthians 10:23-11:16" },
  "19 Aug": { "OT": "2 Samuel 11:1-27", "NT": "1 Corinthians 11:17-34" },
  "20 Aug": { "OT": "2 Samuel 12:1-25", "NT": "1 Corinthians 12:1-13" },
  "21 Aug": { "OT": "1 Kings 1:1-4; 15-35", "NT": "1 Corinthians 12:14-31" },
  "22 Aug": { "OT": "1 Kings 2:1-27", "NT": "1 Corinthians 13:1-13" },
  "23 Aug": { "OT": "1 Kings 3:1-15", "NT": "1 Corinthians 14:1-22" },
  "24 Aug": { "OT": "1 Kings 5:1-18", "NT": "1 Corinthians 14:23-2:17" },
  "25 Aug": { "OT": "1 Kings 7:51-8:21", "NT": "1 Corinthians 15:1-18" },
  "26 Aug": { "OT": "1 Kings 8:22-30; 46-63", "NT": "1 Corinthians 15:19-34" },
  "27 Aug": { "OT": "1 Kings 9:1-9; 10:1-13", "NT": "1 Corinthians 15:35-58" },
  "28 Aug": { "OT": "1 Kings 11:1-26", "NT": "1 Corinthians 16:1-24" },
  "29 Aug": { "OT": "1 Kings 11:42-12:19", "NT": "2 Corinthians 1:1-22" },
  "30 Aug": {
    "OT": "1 Kings 12:20-13:5; 33-34",
    "NT": "2 Corinthians 1:23-2:17"
  },
  "31 Aug": { "OT": "1 Kings 16:29-17:24", "NT": "2 Corinthians 2:1-22" },
  "1 Sept": { "OT": "1 Kings 18:1-19", "NT": "2 Corinthians 3:1-18" },
  "2 Sept": { "OT": "1 Kings 18:20-40", "NT": "2 Corinthians 4:1-18" },
  "3 Sept": { "OT": "1 Kings 19:1-21", "NT": "2 Corinthians 5:1-21" },
  "4 Sept": { "OT": "2 Kings 2:1-18", "NT": "2 Corinthians 6:1-18" },
  "5 Sept": { "OT": "2 Kings 2:19-25; 4:1-7", "NT": "2 Corinthians 7:1-16" },
  "6 Sept": { "OT": "2 Kings 4:8-22; 32-37", "NT": "2 Corinthians 8:1-24" },
  "7 Sept": { "OT": "2 Kings 4:38-5:8", "NT": "2 Corinthians 9:1-15" },
  "8 Sept": { "OT": "2 Kings 5:9-27", "NT": "2 Corinthians 10:1-18" },
  "9 Sept": { "OT": "2 Kings 6:1-23", "NT": "2 Corinthians 11:1-21" },
  "10 Sept": { "OT": "2 Kings 9:1-13; 10:18-29", "NT": "2 Corinthians 11:22-12:9" },
  "11 Sept": { "OT": "2 Chronicles 29:1-24", "NT": "2 Corinthians 12:10-13:14" },
  "12 Sept": { "OT": "2 Chronicles 31:1-21", "NT": "Philippians 1:1-30" },
  "13 Sept": { "OT": "2 Chronicles 32:1-22", "NT": "Philippians 2:1-30" },
  "14 Sept": { "OT": "2 Chronicles 33:1-25", "NT": "Philippians 3:1-21" },
  "15 Sept": {
    "OT": "2 Chronicles 34:1-4; 8-11; 14-33",
    "NT": "Philippians 4:1-23"
  },
  "16 Sept": { "OT": "2 Chronicles 35:1-7; 16-25", "NT": "Colossians 1:1-23" },
  "17 Sept": { "OT": "2 Chronicles 36:1-23", "NT": "Colossians 1:24-2:7" },
  "18 Sept": { "OT": "Nehemiah 1:1-2:10", "NT": "Colossians 2:8-23" },
  "19 Sept": { "OT": "Nehemiah 2:11-20; 4:1-6", "NT": "Colossians 3:1-17" },
  "20 Sept": { "OT": "Nehemiah 4:7-23", "NT": "Colossians 3:18-4:18" },
  "21 Sept": { "OT": "Nehemiah 5:1-16; 6:1-9; 15-16", "NT": "1 Timothy 1:1-20" },
  "22 Sept": { "OT": "Nehemiah 7:1-4; 8:1-18", "NT": "1 Timothy 2:1-15" },
  "23 Sept": { "OT": "Nehemiah 9:1-21", "NT": "1 Timothy 3:1-16" },
  "24 Sept": { "OT": "Nehemiah 9:22-38", "NT": "1 Timothy 4:1-16" },
  "25 Sept": { "OT": "Malachi 1:1-14", "NT": "1 Timothy 5:1-16" },
  "26 Sept": { "OT": "Malachi 2:1-3:5", "NT": "1 Timothy 5:17-6:2" },
  "27 Sept": { "OT": "Malachi 3:6-4:6", "NT": "1 Timothy 6:3-21" },
  "28 Sept": { "OT": "Deuteronomy 1:1-18", "NT": "Matthew 1:1-17" },
  "29 Sept": { "OT": "Deuteronomy 1:19-36", "NT": "Matthew 1:18-25" },
  "30 Sept": { "OT": "Deuteronomy 1:37-2:15", "NT": "Matthew 2:1-12" },
  "01 Oct": { "OT": "Deuteronomy 2:16-37", "NT": "Matthew 2:13-23" },
  "02 Oct": { "OT": "Deuteronomy 3:1-29", "NT": "Matthew 3:1-17" },
  "03 Oct": { "OT": "Deuteronomy 4:1-20", "NT": "Matthew 4:1-11" },
  "04 Oct": { "OT": "Deuteronomy 4:21-40", "NT": "Matthew 4:12-25" },
  "05 Oct": { "OT": "Deuteronomy 5:1-21", "NT": "Matthew 5:1-20" },
  "06 Oct": { "OT": "Deuteronomy 5:22-6:9", "NT": "Matthew 5:21-48" },
  "07 Oct": { "OT": "Deuteronomy 6:10-25", "NT": "Matthew 6:1-15" },
  "08 Oct": { "OT": "Deuteronomy 7:1-19", "NT": "Matthew 6:16-34" },
  "09 Oct": { "OT": "Deuteronomy 8:1-20", "NT": "Matthew 7:1-12" },
  "10 Oct": { "OT": "Deuteronomy 9:1-22", "NT": "Matthew 7:13-29" },
  "11 Oct": { "OT": "Deuteronomy 9:23-10:22", "NT": "Matthew 8:1-17" },
  "12 Oct": { "OT": "Deuteronomy 11:1-25", "NT": "Matthew 8:18-34" },
  "13 Oct": { "OT": "Deuteronomy 11:26-12:12", "NT": "Matthew 9:1-17" },
  "14 Oct": { "OT": "Deuteronomy 12:13-32", "NT": "Matthew 9:18-38" },
  "15 Oct": { "OT": "Deuteronomy 13:1-18", "NT": "Matthew 10:1-23" },
  "16 Oct": {
    "OT": "Deuteronomy 14:1-2; 22-23; 14:28-15:15",
    "NT": "Matthew 10:24-42"
  },
  "17 Oct": { "OT": "Deuteronomy 15:19-16:22", "NT": "Matthew 11:1-19" },
  "18 Oct": { "OT": "Deuteronomy 17:1-20", "NT": "Matthew 11:20-30" },
  "19 Oct": { "OT": "Deuteronomy 18:1-22", "NT": "Matthew 12:1-21" },
  "20 Oct": { "OT": "Deuteronomy 19:1-20", "NT": "Matthew 12:22-37" },
  "21 Oct": { "OT": "Deuteronomy 20:1-20", "NT": "Matthew 12:38-50" },
  "22 Oct": { "OT": "Deuteronomy 21:1-23", "NT": "Matthew 13:1-23" },
  "23 Oct": { "OT": "Deuteronomy 22:1-24:9", "NT": "Matthew 13:24-43" },
  "24 Oct": { "OT": "Deuteronomy 24:10-25:10", "NT": "Matthew 13:44-58" },
  "25 Oct": { "OT": "Deuteronomy 25:17-26:19", "NT": "Matthew 14:1-21" },
  "26 Oct": { "OT": "Deuteronomy 27:1-26", "NT": "Matthew 14:22-36" },
  "27 Oct": { "OT": "Deuteronomy 28:1-22", "NT": "Matthew 15:1-20" },
  "28 Oct": { "OT": "Deuteronomy 29:1-29", "NT": "Matthew 15:21-39" },
  "29 Oct": { "OT": "Deuteronomy 30:1-20", "NT": "Matthew 19:1-15" },
  "30 Oct": { "OT": "Deuteronomy 31:1-29", "NT": "Matthew 19:16-30" },
  "31 Oct": { "OT": "Deuteronomy 31:30-32:27", "NT": "Matthew 20:1-16" },
  "01 Nov": { "OT": "Deuteronomy 32:28-52", "NT": "Matthew 20:17-34" },
  "02 Nov": { "OT": "Jeremiah 1:1-19", "NT": "Matthew 21:23-46" },
  "03 Nov": { "OT": "Jeremiah 3:6-4:2", "NT": "Matthew 22:1-22" },
  "04 Nov": { "OT": "Jeremiah 5:1-19", "NT": "Matthew 22:23-46" },
  "05 Nov": { "OT": "Jeremiah 7:1-29", "NT": "Matthew 23:1-12" },
  "06 Nov": { "OT": "Jeremiah 8:18-9:12", "NT": "Matthew 23:13-39" },
  "07 Nov": { "OT": "Jeremiah 11:1-23", "NT": "Matthew 24:1-28" },
  "08 Nov": { "OT": "Jeremiah 20:1-18", "NT": "Matthew 24:29-51" },
  "09 Nov": { "OT": "Jeremiah 22:1-23", "NT": "Matthew 25:1-13" },
  "10 Nov": { "OT": "Jeremiah 23:1-20", "NT": "Matthew 25:14-30" },
  "11 Nov": { "OT": "Jeremiah 23:21-40", "NT": "Matthew 25:31-46" },
  "12 Nov": { "OT": "Jeremiah 25:1-18", "NT": "Matthew 26:1-19" },
  "13 Nov": { "OT": "Jeremiah 26:1-19", "NT": "Matthew 26:20-35" },
  "14 Nov": { "OT": "Jeremiah 29:1-19", "NT": "Matthew 26:36-56" },
  "15 Nov": { "OT": "Jeremiah 30:1-24", "NT": "Matthew 26:57-75" },
  "16 Nov": { "OT": "Jeremiah 31:1-17; 23-34", "NT": "Matthew 27:1-10" },
  "17 Nov": { "OT": "Jeremiah 33:1-22", "NT": "Matthew 27:11-32" },
  "18 Nov": { "OT": "Jeremiah 37:1-21", "NT": "Matthew 27:33-56" },
  "19 Nov": { "OT": "Jeremiah 38:1-28", "NT": "Matthew 27:57-66" },
  "20 Nov": { "OT": "Daniel 1:1-21", "NT": "Matthew 28:1-20" },
  "21 Nov": { "OT": "Daniel 2:1-23", "NT": "Revelation 18:1-24" },
  "22 Nov": { "OT": "Daniel 2:24-49", "NT": "Revelation 19:1-21" },
  "23 Nov": { "OT": "Daniel 3:1-30", "NT": "Revelation 20:1-15" },
  "24 Nov": { "OT": "Daniel 4:1-37", "NT": "Revelation 21:1-8" },
  "25 Nov": { "OT": "Daniel 5:1-30", "NT": "Revelation 21:9-27" },
  "26 Nov": { "OT": "Daniel 6:1-28", "NT": "Revelation 22:1-21" },
  "27 Nov": { "OT": "Isaiah 1:1-28", "NT": "1 Peter 1:1-12" },
  "28 Nov": { "OT": "Isaiah 2:1-22", "NT": "1 Peter 1:13-25" },
  "29 Nov": { "OT": "Isaiah 5:1-25", "NT": "1 Peter 2:1-12" },
  "30 Nov": { "OT": "Isaiah 6:1-7:9", "NT": "1 Peter 2:13-25" },
  "01 Dec": { "OT": "Isaiah 7:10-8:8", "NT": "1 Peter 3:1-22" },
  "02 Dec": { "OT": "Isaiah 8:9-9:7", "NT": "1 Peter 4:1-19" },
  "03 Dec": { "OT": "Isaiah 9:8-10:11", "NT": "1 Peter 5:1-14" },
  "04 Dec": { "OT": "Isaiah 10:12-27a; 33-34", "NT": "2 Peter 1:1-21" },
  "05 Dec": { "OT": "Isaiah 11:1-12:6", "NT": "2 Peter 2:1-22" },
  "06 Dec": { "OT": "Isaiah 14:1-23", "NT": "2 Peter 3:1-18" },
  "07 Dec": { "OT": "Isaiah 24:1-13", "NT": "1 John 1:1-2:14" },
  "08 Dec": { "OT": "Isaiah 24:14-25:12", "NT": "1 John 2:15-29" },
  "09 Dec": { "OT": "Isaiah 26:1-19", "NT": "1 John 3:1-24" },
  "10 Dec": { "OT": "Isaiah 26:20-27:13", "NT": "1 John 4:1-21" },
  "11 Dec": { "OT": "Isaiah 28:14-29", "NT": "1 John 5:1-21" },
  "12 Dec": { "OT": "Isaiah 29:1-14", "NT": "2 John 1-13; 3 John 1-15" },
  "13 Dec": { "OT": "Isaiah 29:15-30:14", "NT": "Jude 1-25" },
  "14 Dec": { "OT": "Isaiah 30:15-26", "NT": "Revelation 1:1-19" },
  "15 Dec": { "OT": "Isaiah 30:27-31:9", "NT": "Revelation 2:1-29" },
  "16 Dec": { "OT": "Isaiah 32:1-20", "NT": "Revelation 3:1-22" },
  "17 Dec": { "OT": "Isaiah 33:1-24", "NT": "Revelation 4:1-11" },
  "18 Dec": { "OT": "Isaiah 34:1-2; 8-35:10", "NT": "Revelation 5:1-14" },
  "19 Dec": { "OT": "Isaiah 40:1-17", "NT": "Revelation 6:1-17" },
  "20 Dec": { "OT": "Isaiah 40:18-41:10", "NT": "Revelation 7:1-17" },
  "21 Dec": { "OT": "Isaiah 42:1-25", "NT": "Revelation 8:1-13" },
  "22 Dec": { "OT": "Isaiah 43:1-24", "NT": "Revelation 9:1-12" },
  "23 Dec": { "OT": "Isaiah 43:25-44:20", "NT": "Revelation 9:13-10:11" },
  "24 Dec": { "OT": "Isaiah 44:21-45:13; 20-25", "NT": "Revelation 11:1-19" },
  "25 Dec": { "OT": "Isaiah 49:1-18", "NT": "Matthew 1:1-17" },
  "26 Dec": {
    "OT": "Isaiah 49:22-26; 50:4-51:8; 12-16",
    "NT": "Matthew 1:18-25"
  },
  "27 Dec": { "OT": "Isaiah 51:17-52:12", "NT": "Matthew 2:1-12" },
  "28 Dec": { "OT": "Isaiah 52:13-54:10", "NT": "Matthew 2:13-23" },
  "29 Dec": { "OT": "Isaiah 55:1-13", "NT": "Luke 1:1-25" },
  "30 Dec": { "OT": "Isaiah 58:1-59:3; 14-21", "NT": "Luke 1:26-38" },
  "31 Dec": { "OT": "Isaiah 60:1-22", "NT": "Luke 1:39-56" },
  "01 Jan": { "OT": "Isaiah 61:1-11", "NT": "Luke 1:57-80" },
  "02 Jan": { "OT": "Isaiah 62:1-12", "NT": "Luke 2:1-20" },
  "03 Jan": { "OT": "Isaiah 63:1-14", "NT": "Luke 2:21-40" },
  "04 Jan": { "OT": "Isaiah 63:15-65:2", "NT": "Luke 2:41-52" },
  "05 Jan": { "OT": "Isaiah 65:8-25", "NT": "Luke 3:1-20" },
  "06 Jan": { "OT": "Isaiah 66:1-20", "NT": "Luke 3:21-38" },
  "07 Jan": { "OT": "Ezekiel 1:1-14, 22-28", "NT": "Romans 1:1-17" },
  "08 Jan": { "OT": "Ezekiel 2:1-3:11", "NT": "Romans 1:18-32" },
  "09 Jan": { "OT": "Ezekiel 3:12-28", "NT": "Romans 2:1-16" },
  "10 Jan": { "OT": "Ezekiel 18:1-4, 19-32", "NT": "Romans 2:17-29" },
  "11 Jan": { "OT": "Ezekiel 33:1-20", "NT": "Romans 3:1-18" },
  "12 Jan": { "OT": "Ezekiel 34:1-24", "NT": "Romans 3:19-31" },
  "13 Jan": { "OT": "Ezekiel 36:13-28", "NT": "Romans 4:1-25" },
  "14 Jan": { "OT": "Ezekiel 36:33-37:14", "NT": "Romans 5:1-21" },
  "15 Jan": { "OT": "Ezekiel 37:15-28", "NT": "Romans 6:1-23" },
  "16 Jan": { "OT": "Ezekiel 38:1-23", "NT": "Romans 7:1-20" },
  "17 Jan": { "OT": "Ezekiel 39:1-10, 17-29", "NT": "Romans 7:21-8:17" },
  "18 Jan": { "OT": "Ezekiel 40:1-4; 43:1-12", "NT": "Romans 8:18-39" },
  "19 Jan": { "OT": "Ezekiel 44:1-16, 23-29", "NT": "Romans 9:1-18" },
  "20 Jan": { "OT": "Ezekiel 47:1-14, 21-23", "NT": "Romans 9:19-33" },
  "21 Jan": { "OT": "Joel 1:1-20", "NT": "Romans 10:1-21" },
  "22 Jan": { "OT": "Joel 2:1-17", "NT": "Romans 11:1-24" },
  "23 Jan": { "OT": "Joel 2:18-32", "NT": "Romans 11:25-12:13" },
  "24 Jan": { "OT": "Joel 3:1-21", "NT": "Romans 12:14-13:14" },
  "25 Jan": { "OT": "Zechariah 1:1-21", "NT": "Romans 14:1-23" },
  "26 Jan": { "OT": "Zechariah 2:1-3:10", "NT": "Romans 15:1-13" },
  "27 Jan": { "OT": "Zechariah 4:1-5:11", "NT": "Romans 15:14-33" },
  "28 Jan": { "OT": "Zechariah 6:1-7:14", "NT": "Romans 16:17-27" },
  "29 Jan": { "OT": "Zechariah 8:1-23", "NT": "2 Timothy 1:1-18" },
  "30 Jan": { "OT": "Zechariah 9:1-17", "NT": "2 Timothy 2:1-26" },
  "31 Jan": { "OT": "Zechariah 10:1-11:3", "NT": "2 Timothy 3:1-18" },
  "01 Feb": { "OT": "Zechariah 11:4-17", "NT": "2 Timothy 4:1-18" },
  "02 Feb": { "OT": "Zechariah 12:1-13:9", "NT": "Titus 1:1-2:6" },
  "03 Feb": { "OT": "Zechariah 14:1-21", "NT": "Titus 2:7-3:15" },
  "04 Feb": { "OT": "Job 1:1-22", "NT": "John 1:1-18" },
  "05 Feb": { "OT": "Job 2:1-3:10", "NT": "John 1:19-34" },
  "06 Feb": { "OT": "Job 3:11-26", "NT": "John 1:35-51" },
  "07 Feb": { "OT": "Job 4:1-21", "NT": "John 2:1-12" },
  "08 Feb": { "OT": "Job 5:1-27", "NT": "John 2:13-25" },
  "09 Feb": { "OT": "Job 6:1-13", "NT": "John 3:1-21" },
  "10 Feb": { "OT": "Job 6:14-30", "NT": "John 3:22-4:6" },
  "11 Feb": { "OT": "Job 7:1-21", "NT": "John 4:7-26" },
  "12 Feb": { "OT": "Job 8:1-22", "NT": "John 4:27-45" },
  "13 Feb": { "OT": "Job 9:1-35", "NT": "John 4:46-54" },
  "14 Feb": { "OT": "Job 10:1-22", "NT": "John 5:1-18" },
  "15 Feb": { "OT": "Job 11:1-20", "NT": "John 5:19-29" },
  "16 Feb": { "OT": "Job 12:1-6; 12-25", "NT": "John 5:30-47" },
  "17 Feb": { "OT": "Job 13:1-12", "NT": "John 6:1-21" },
  "18 Feb": { "OT": "Job 13:13-28", "NT": "John 6:22-40" },
  "19 Feb": { "OT": "Job 14:1-22", "NT": "John 6:41-59" },
  "20 Feb": { "OT": "Job 15:1-23, 30-35", "NT": "John 6:60-71" },
  "21 Feb": { "OT": "Job 16:1-21", "NT": "John 7:1-13" },
  "22 Feb": { "OT": "Job 17:1-16", "NT": "John 7:14-31" },
  "23 Feb": { "OT": "Job 18:1-21", "NT": "John 7:32-53" },
  "24 Feb": { "OT": "Job 19:1-12; 21-27", "NT": "John 8:1-20" },
  "25 Feb": { "OT": "Job 20:1-23; 29", "NT": "John 8:21-38" },
  "26 Feb": { "OT": "Job 21:1-21", "NT": "John 8:39-59" },
  "27 Feb": { "OT": "Job 30:16-31", "NT": "John 9:1-23" },
  "28 Feb": { "OT": "Job 31:1-12; 33-40", "NT": "John 9:24-41" },
  "29 Feb": { "OT": "Job 32:1-22", "NT": "John 10:1-21" },
  "01 Mar": { "OT": "Job 33:1-18", "NT": "John 10:22-42" },
  "02 Mar": { "OT": "Job 33:19-34:9", "NT": "John 11:1-16" },
  "03 Mar": { "OT": "Job 34:10-33", "NT": "John 11:17-37" },
  "04 Mar": { "OT": "Job 36:1-21", "NT": "John 11:38-57" },
  "05 Mar": { "OT": "Job 37:1-24", "NT": "John 12:1-19" },
  "06 Mar": { "OT": "Job 38:1-18", "NT": "John 12:20-36a" },
  "07 Mar": { "OT": "Job 40:1-24", "NT": "John 12:36b-50" },
  "08 Mar": { "OT": "Job 41:1-20, 31-34", "NT": "John 13:1-20" },
  "09 Mar": { "OT": "Job 42:1-17", "NT": "John 13:21-38" }
}
