Key,OT,NT
"Ash Wednesday","Genesis 1:1-19","Mark 1:1-13"
"Ash Thursday","Genesis 1:20-2:3","Mark 1:14-28"
"Ash Friday","Genesis 2:4-25","Mark 1:29-45"
"Ash Saturday","Genesis 3:1-24","Mark 2:1-17"
"Lent 1 Sunday","Genesis 4:1-26","Mark 2:18-28"
"Lent 1 Monday","Genesis 6:1-7:5","Mark 3:1-19"
"Lent 1 Tuesday","Genesis 7:11-8:12","Mark 3:20-35"
"Lent 1 Wednesday","Genesis 8:13-9:17","Mark 4:1-20"
"Lent 1 Thursday","Genesis 11:27-12:20","Mark 4:21-41"
"Lent 1 Friday","Genesis 13:1-18","Mark 5:1-20"
"Lent 1 Saturday","Genesis 15:1-21","Mark 5:21-43"
"Lent 2 Sunday","Genesis 16:1-9, 15-17:22","Mark 6:1-13"
"Lent 2 Monday","Genesis 18:1-15","Mark 6:14-34"
"Lent 2 Tuesday","Genesis 21:1-21","Mark 6:35-56"
"Lent 2 Wednesday","Genesis 22:1-19","Mark 7:1-23"
"Lent 2 Thursday","Genesis 24:1-31","Mark 7:24-37"
"Lent 2 Friday","Genesis 24:32-52, 61-67","Mark 8:1-21"
"Lent 2 Saturday","Genesis 27:1-29","Mark 8:22-38"
"Lent 3 Sunday","Genesis 27:30-45; 28:10-22","Mark 9:1-13"
"Lent 3 Monday","Genesis 29:1-30","Mark 9:14-32"
"Lent 3 Tuesday","Genesis 35:1-29","Mark 9:33-50"
"Lent 3 Wednesday","Genesis 37:1-36","Mark 10:1-12"
"Lent 3 Thursday","Genesis 39:1-23","Mark 10:13-31"
"Lent 3 Friday","Genesis 40:1-23","Mark 10:32-52"
"Lent 3 Saturday","Genesis 41:1-27","Mark 11:1-19"
"Lent 4 Sunday","Genesis 41:28-57","Mark 11:20-33"
"Lent 4 Monday","Genesis 42:1-34, 38","Mark 12:1-12"
"Lent 4 Tuesday","Genesis 43:1-28","Mark 12:13-27"
"Lent 4 Wednesday","Genesis 44:1-18, 32-34","Mark 12:28-44"
"Lent 4 Thursday","Genesis 45:1-20, 24-28","Mark 13:1-23"
"Lent 4 Friday","Genesis 47:1-31","Mark 13:24-37"
"Lent 4 Saturday","Genesis 49:29-50:7, 14-26","Mark 14:1-11"
"Lent 5 Sunday","Exodus 1:1-22","Mark 14:12-31"
"Lent 5 Monday","Exodus 2:1-22","Mark 14:32-52"
"Lent 5 Tuesday","Exodus 2:23-3:22","Mark 14:53-72"
"Lent 5 Wednesday","Exodus 4:1-18","Mark 15:1-15"
"Lent 5 Thursday","Exodus 4:19-31","Mark 15:16-32"
"Lent 5 Friday","Exodus 5:1-6:1","Mark 15:33-47"
"Lent 5 Saturday","Exodus 7:1-25","Mark 16:1-20"
"Palm Sunday","Exodus 8:1-32","Hebrews 1:1-14"
"Holy Week Monday","Exodus 9:1-28","Hebrews 2:1-18"
"Holy Week Tuesday","Exodus 9:29-10:20","Hebrews 3:1-19"
"Holy Week Wednesday","Exodus 10:21-11:10","Hebrews 4:1-16"
"Maundy Thursday","Exodus 12:1-28","Hebrews 5:1-14"
"Good Friday","Exodus 12:29-32; 13:1-16","Hebrews 6:1-20"
"Holy Saturday","Exodus 13:17-14:9","Hebrews 7:1-22"
"Easter Sunday","Exodus 14:10-31","Hebrews 7:23-8:13"
"Easter Monday","Exodus 15:1-18","Hebrews 9:1-28"
"Easter Tuesday","Exodus 15:19-16:12","Hebrews 10:1-18"
"Easter Wednesday","Exodus 16:13-35","Hebrews 10:19-39"
"Easter Thursday","Exodus 17:1-16","Hebrews 11:1-29"
"Easter Friday","Exodus 18:5-27","Hebrews 12:1-24"
"Easter Saturday","Exodus 19:1-25","Hebrews 13:1-21"
"Easter 2 Sunday","Exodus 20:1-24","Luke 4:1-15"
"Easter 2 Monday","Exodus 22:20-23:13","Luke 4:16-30"
"Easter 2 Tuesday","Exodus 23:14-33","Luke 4:31-44"
"Easter 2 Wednesday","Exodus 24:1-18","Luke 5:1-16"
"Easter 2 Thursday","Exodus 25:1-22","Luke 5:17-39"
"Easter 2 Friday","Exodus 31:1-18","Luke 6:1-19"
"Easter 2 Saturday","Exodus 32:1-14","Luke 6:20-38"
"Easter 3 Sunday","Exodus 32:15-35","Luke 6:39-49"
"Easter 3 Monday","Exodus 33:1-23","Luke 7:1-17"
"Easter 3 Tuesday","Exodus 34:1-28","Luke 7:18-35"
"Easter 3 Wednesday","Exodus 34:29-35:21","Luke 7:36-50"
"Easter 3 Thursday","Exodus 38:21-39:8, 22-23, 27-31","Luke 8:1-21"
"Easter 3 Friday","Exodus 39:32-40:16","Luke 8:22-39"
"Easter 3 Saturday","Exodus 40:17-38","Luke 8:40-56"
"Easter 4 Sunday","Leviticus 8:1-13, 30-36","Luke 9:1-17"
"Easter 4 Monday","Leviticus 9:1-24","Luke 9:18-36"
"Easter 4 Tuesday","Leviticus 10:1-20","Luke 9:37-62"
"Easter 4 Wednesday","Leviticus 16:1-24","Luke 10:1-22"
"Easter 4 Thursday","Leviticus 17:1-16","Luke 10:23-42"
"Easter 4 Friday","Leviticus 18:1-7, 20-19:8","Luke 11:1-13"
"Easter 4 Saturday","Leviticus 19:9-18, 26-37","Luke 11:14-36"
"Easter 5 Sunday","Leviticus 20:1-16, 22-27","Luke 11:37-54"
"Easter 5 Monday","Leviticus 21:1-24","Luke 12:1-12"
"Easter 5 Tuesday","Leviticus 23:1-22","Luke 12:13-34"
"Easter 5 Wednesday","Leviticus 23:23-44","Luke 12:35-53"
"Easter 5 Thursday","Leviticus 24:1-23","Luke 12:54-13:17"
"Easter 5 Friday","Leviticus 26:1-20","Luke 13:18-35"
"Easter 5 Saturday","Leviticus 26:21-33, 39-44","Luke 14:1-24"
"Easter 6 Sunday","Numbers 3:1-16, 39-48","Luke 14:25-15:10"
"Easter 6 Monday","Numbers 8:5-26","Luke 15:11-32"
"Easter 6 Tuesday","Numbers 9:1-23","Luke 16:1-18"
"Easter 6 Wednesday","Numbers 10:11-36","Luke 16:19-31"
"Ascension Day","Numbers 11:1-23, 31-35","Luke 17:1-19"
"Easter 6 Friday","Numbers 11:24-29; 12:1-16","Luke 17:20-37"
"Easter 6 Saturday","Numbers 13:1-3, 17-33","Luke 18:1-17"
"Easter 7 Sunday","Numbers 14:1-25","Luke 18:18-34"
"Easter 7 Monday","Numbers 14:26-45","Luke 18:35-19:10"
"Easter 7 Tuesday","Numbers 16:1-22","Luke 19:11-28"
"Easter 7 Wednesday","Numbers 16:23-40","Luke 19:29-48"
"Easter 7 Thursday","Numbers 16:41-17:13","Luke 20:1-18"
"Easter 7 Friday","Numbers 20:1-21","Luke 20:19-44"
"Easter 7 Saturday","Numbers 20:22-21:9","Luke 20:45-21:19"
"Pentecost Sunday","Numbers 21:10-35","Luke 21:20-38"
"Pentecost Monday","Numbers 22:1-20","Luke 22:1-23"
"Pentecost Tuesday","Numbers 22:21-23:3","Luke 22:24-46"
"Pentecost Wednesday","Numbers 23:4-28","Luke 22:47-71"
"Pentecost Thursday","Numbers 24:1-25","Luke 23:1-25"
"Pentecost Friday","Numbers 27:12-23","Luke 23:26-56"
"Pentecost Saturday","Numbers 32:1-6, 16-27","Luke 24:1-27"
"Holy Trinity","Numbers 35:9-30","Luke 24:28-53"
"18 May","Song of Solomon 1:1-2:7","John 5:1-18"
"19 May","Song of Solomon 2:8-3:11","John 5:19-29"
"20 May","Song of Solomon 4:1-5:1","John 5:30-47"
"21 May","Song of Solomon 5:2-6:3","John 6:1-21"
"22 May","Song of Solomon 6:4-7:5","John 6:22-40"
"23 May","Song of Solomon 7:6-8:14","John 6:41-59"
"24 May","Ecclesiastes 1:1-18","John 6:60-71"
"25 May","Ecclesiastes 2:1-26","John 7:1-13"
"26 May","Ecclesiastes 3:1-22","John 7:14-31"
"27 May","Ecclesiastes 4:1-16","John 7:32-53"
"28 May","Ecclesiastes 5:1-20","John 8:1-20"
"29 May","Ecclesiastes 6:1-7:10","John 8:21-38"
"30 May","Ecclesiastes 7:11-29","John 8:39-59"
"31 May","Ecclesiastes 8:1-17","John 9:1-23"
"01 Jun","Ecclesiastes 9:1-17","John 9:24-41"
"02 Jun","Ecclesiastes 10:1-20","John 10:1-21"
"03 Jun","Ecclesiastes 11:1-10","John 10:22-42"
"04 Jun","Ecclesiastes 12:1-14","John 11:1-16"
"05 Jun","Proverbs 1:8-33","John 11:17-37"
"06 Jun","Proverbs 3:5-24","John 11:38-57"
"07 Jun","Proverbs 4:1-27","John 12:1-19"
"08 Jun","Proverbs 5:1-23","John 12:20-36a"
"09 Jun","Proverbs 8:1-21","John 12:36b-50"
"10 Jun","Proverbs 8:22-36","John 13:1-20"
"11 Jun","Proverbs 9:1-18","John 13:21-38"
"12 Jun","Proverbs 10:1-23","John 14:1-17"
"13 Jun","Proverbs 13:1-25","John 14:18-31"
"14 Jun","Proverbs 14:1-27","John 15:1-11"
"15 Jun","Proverbs 15:1-29","John 15:12-27"
"16 Jun","Proverbs 16:1-24","John 16:1-16"
"17 Jun","Proverbs 17:1-28","John 16:17-33"
"18 Jun","Proverbs 20:5-25","John 17:1-26"
"19 Jun","Proverbs 22:1-21","John 18:1-14"
"20 Jun","Proverbs 22:22-23:12","John 18:15-40"
"21 Jun","Proverbs 24:1-22","John 19:1-22"
"22 Jun","Proverbs 25:1-22","John 19:23-42"
"23 Jun","Proverbs 27:1-24","John 20:1-18"
"24 Jun","Proverbs 30:1-9, 18-33","John 20:19-31"
"25 Jun","Proverbs 31:10-31","John 21:1-25"
"26 Jun","Joshua 1:1-18","Acts 8:1-25"
"27 Jun","Joshua 2:1-24","Acts 8:26-40"
"28 Jun","Joshua 3:1-17","Acts 9:1-22"
"29 Jun","Joshua 4:1-24","Acts 9:23-43"
"30 Jun","Joshua 5:1-6:5","Acts 10:1-17"
"01 Jul","Joshua 6:6-27","Acts 10:18-33"
"02 Jul","Joshua 7:1-26","Acts 10:34-48"
"03 Jul","Joshua 8:1-28","Acts 11:1-18"
"04 Jul","Joshua 10:1-25","Acts 11:19-30"
"05 Jul","Joshua 23:1-16","Acts 12:1-25"
"06 Jul","Joshua 24:1-31","Acts 13:1-12"
"07 Jul","Judges 2:6-23","Acts 13:13-41"
"08 Jul","Judges 3:7-31","Acts 13:42-52"
"09 Jul","Judges 4:1-24","Acts 14:1-18"
"10 Jul","Judges 6:1-24","Acts 14:19-15:5"
"11 Jul","Judges 6:25-40","Acts 15:6-21"
"12 Jul","Judges 7:1-23","Galatians 1:1-24"
"13 Jul","Judges 13:1-25","Galatians 2:1-21"
"14 Jul","Judges 14:1-20","Galatians 3:1-22"
"15 Jul","Judges 15:1-16:3","Galatians 3:23-4:11"
"16 Jul","Judges 16:4-30","Galatians 4:12-31"
"17 Jul","1 Samuel 1:1-20","Galatians 5:1-26"
"18 Jul","1 Samuel 1:21-2:17","Galatians 6:1-18"
"19 Jul","1 Samuel 2:18-36","Acts 15:22-41"
"20 Jul","1 Samuel 3:1-21","Acts 16:1-22"
"21 Jul","1 Samuel 4:1-22","Acts 16:23-40"
"22 Jul","1 Samuel 5:1-6:3, 10-16","Acts 18:1-11, 23-28"
"23 Jul","1 Samuel 6:19-7:17","Acts 19:1-22"
"24 Jul","1 Samuel 8:1-22","Acts 21:15-36"
"25 Jul","1 Samuel 9:1-27","Acts 21:37-22:16"
"26 Jul","1 Samuel 10:1-27","Acts 22:17-29"
"27 Jul","1 Samuel 12:1-25","Acts 22:30-23:11"
"28 Jul","1 Samuel 13:1-18","Acts 23:12-35"
"29 Jul","1 Samuel 14:47-15:9","Acts 24:1-23"
"30 Jul","1 Samuel 15:10-35","Acts 24:24-25:12"
"31 Jul","1 Samuel 16:1-23","Acts 25:13-27"
"01 Aug","1 Samuel 17:1-19","Acts 26:1-23"
"02 Aug","1 Samuel 17:20-47","Acts 26:24-27:8"
"03 Aug","1 Samuel 17:48-18:9","Acts 27:9-26"
"04 Aug","1 Samuel 18:10-30","Acts 27:27-44"
"05 Aug","1 Samuel 19:1-24","Acts 28:1-15"
"06 Aug","1 Samuel 20:1-23","Acts 28:16-31"
"07 Aug","1 Samuel 20:24-42","1 Corinthians 1:1-25"
"08 Aug","1 Samuel 24:1-22","1 Corinthians 1:26-2:16"
"09 Aug","1 Samuel 25:1-22","1 Corinthians 3:1-23"
"10 Aug","1 Samuel 25:23-44","1 Corinthians 4:1-21"
"11 Aug","1 Samuel 26:1-25","1 Corinthians 5:1-13"
"12 Aug","1 Samuel 27:1-28:2","1 Corinthians 6:1-20"
"13 Aug","1 Samuel 28:3-25","1 Corinthians 7:1-24"
"14 Aug","1 Samuel 31:1-13","1 Corinthians 7:25-40"
"15 Aug","2 Samuel 1:1-27","1 Corinthians 8:1-13"
"16 Aug","2 Samuel 6:1-19","1 Corinthians 9:1-23"
"17 Aug","2 Samuel 7:1-17","1 Corinthians 9:24-10:22"
"18 Aug","2 Samuel 7:18-29","1 Corinthians 10:23-11:16"
"19 Aug","2 Samuel 11:1-27","1 Corinthians 11:17-34"
"20 Aug","2 Samuel 12:1-25","1 Corinthians 12:1-13"
"21 Aug","1 Kings 1:1-4, 15-35","1 Corinthians 12:14-31"
"22 Aug","1 Kings 2:1-27","1 Corinthians 13:1-13"
"23 Aug","1 Kings 3:1-15","1 Corinthians 14:1-22"
"24 Aug","1 Kings 5:1-18","1 Corinthians 14:23-2:17"
"25 Aug","1 Kings 7:51-8:21","1 Corinthians 15:1-18"
"26 Aug","1 Kings 8:22-30, 46-63","1 Corinthians 15:19-34"
"27 Aug","1 Kings 9:1-9; 10:1-13","1 Corinthians 15:35-58"
"28 Aug","1 Kings 11:1-26","1 Corinthians 16:1-24"
"29 Aug","1 Kings 11:42-12:19","2 Corinthians 1:1-22"
"30 Aug","1 Kings 12:20-13:5, 33-34","2 Corinthians 1:23-2:17"
"31 Aug","1 Kings 16:29-17:24","2 Corinthians 2:1-22"
"1 Sept","1 Kings 18:1-19","2 Corinthians 3:1-18"
"2 Sept","1 Kings 18:20-40","2 Corinthians 4:1-18"
"3 Sept","1 Kings 19:1-21","2 Corinthians 5:1-21"
"4 Sept","2 Kings 2:1-18","2 Corinthians 6:1-18"
"5 Sept","2 Kings 2:19-25; 4:1-7","2 Corinthians 7:1-16"
"6 Sept","2 Kings 4:8-22, 32-37","2 Corinthians 8:1-24"
"7 Sept","2 Kings 4:38-5:8","2 Corinthians 9:1-15"
"8 Sept","2 Kings 5:9-27","2 Corinthians 10:1-18"
"9 Sept","2 Kings 6:1-23","2 Corinthians 11:1-21"
"10 Sept","2 Kings 9:1-13; 10:18-29","2 Corinthians 11:22-12:9"
"11 Sept","2 Chronicles 29:1-24","2 Corinthians 12:10-13:14"
"12 Sept","2 Chronicles 31:1-21","Philippians 1:1-30"
"13 Sept","2 Chronicles 32:1-22","Philippians 2:1-30"
"14 Sept","2 Chronicles 33:1-25","Philippians 3:1-21"
"15 Sept","2 Chronicles 34:1-4, 8-11, 14-33","Philippians 4:1-23"
"16 Sept","2 Chronicles 35:1-7, 16-25","Colossians 1:1-23"
"17 Sept","2 Chronicles 36:1-23","Colossians 1:24-2:7"
"18 Sept","Nehemiah 1:1-2:10","Colossians 2:8-23"
"19 Sept","Nehemiah 2:11-20; 4:1-6","Colossians 3:1-17"
"20 Sept","Nehemiah 4:7-23","Colossians 3:18-4:18"
"21 Sept","Nehemiah 5:1-16; 6:1-9, 15-16","1 Timothy 1:1-20"
"22 Sept","Nehemiah 7:1-4; 8:1-18","1 Timothy 2:1-15"
"23 Sept","Nehemiah 9:1-21","1 Timothy 3:1-16"
"24 Sept","Nehemiah 9:22-38","1 Timothy 4:1-16"
"25 Sept","Malachi 1:1-14","1 Timothy 5:1-16"
"26 Sept","Malachi 2:1-3:5","1 Timothy 5:17-6:2"
"27 Sept","Malachi 3:6-4:6","1 Timothy 6:3-21"
"28 Sept","Deuteronomy 1:1-18","Matthew 1:1-17"
"29 Sept","Deuteronomy 1:19-36","Matthew 1:18-25"
"30 Sept","Deuteronomy 1:37-2:15","Matthew 2:1-12"
"01 Oct","Deuteronomy 2:16-37","Matthew 2:13-23"
"02 Oct","Deuteronomy 3:1-29","Matthew 3:1-17"
"03 Oct","Deuteronomy 4:1-20","Matthew 4:1-11"
"04 Oct","Deuteronomy 4:21-40","Matthew 4:12-25"
"05 Oct","Deuteronomy 5:1-21","Matthew 5:1-20"
"06 Oct","Deuteronomy 5:22-6:9","Matthew 5:21-48"
"07 Oct","Deuteronomy 6:10-25","Matthew 6:1-15"
"08 Oct","Deuteronomy 7:1-19","Matthew 6:16-34"
"09 Oct","Deuteronomy 8:1-20","Matthew 7:1-12"
"10 Oct","Deuteronomy 9:1-22","Matthew 7:13-29"
"11 Oct","Deuteronomy 9:23-10:22","Matthew 8:1-17"
"12 Oct","Deuteronomy 11:1-25","Matthew 8:18-34"
"13 Oct","Deuteronomy 11:26-12:12","Matthew 9:1-17"
"14 Oct","Deuteronomy 12:13-32","Matthew 9:18-38"
"15 Oct","Deuteronomy 13:1-18","Matthew 10:1-23"
"16 Oct","Deuteronomy 14:1-2, 22-23, 14:28-15:15","Matthew 10:24-42"
"17 Oct","Deuteronomy 15:19-16:22","Matthew 11:1-19"
"18 Oct","Deuteronomy 17:1-20","Matthew 11:20-30"
"19 Oct","Deuteronomy 18:1-22","Matthew 12:1-21"
"20 Oct","Deuteronomy 19:1-20","Matthew 12:22-37"
"21 Oct","Deuteronomy 20:1-20","Matthew 12:38-50"
"22 Oct","Deuteronomy 21:1-23","Matthew 13:1-23"
"23 Oct","Deuteronomy 22:1-24:9","Matthew 13:24-43"
"24 Oct","Deuteronomy 24:10-25:10","Matthew 13:44-58"
"25 Oct","Deuteronomy 25:17-26:19","Matthew 14:1-21"
"26 Oct","Deuteronomy 27:1-26","Matthew 14:22-36"
"27 Oct","Deuteronomy 28:1-22","Matthew 15:1-20"
"28 Oct","Deuteronomy 29:1-29","Matthew 15:21-39"
"29 Oct","Deuteronomy 30:1-20","Matthew 19:1-15"
"30 Oct","Deuteronomy 31:1-29","Matthew 19:16-30"
"31 Oct","Deuteronomy 31:30-32:27","Matthew 20:1-16"
"01 Nov","Deuteronomy 32:28-52","Matthew 20:17-34"
"02 Nov","Jeremiah 1:1-19","Matthew 21:23-46"
"03 Nov","Jeremiah 3:6-4:2","Matthew 22:1-22"
"04 Nov","Jeremiah 5:1-19","Matthew 22:23-46"
"05 Nov","Jeremiah 7:1-29","Matthew 23:1-12"
"06 Nov","Jeremiah 8:18-9:12","Matthew 23:13-39"
"07 Nov","Jeremiah 11:1-23","Matthew 24:1-28"
"08 Nov","Jeremiah 20:1-18","Matthew 24:29-51"
"09 Nov","Jeremiah 22:1-23","Matthew 25:1-13"
"10 Nov","Jeremiah 23:1-20","Matthew 25:14-30"
"11 Nov","Jeremiah 23:21-40","Matthew 25:31-46"
"12 Nov","Jeremiah 25:1-18","Matthew 26:1-19"
"13 Nov","Jeremiah 26:1-19","Matthew 26:20-35"
"14 Nov","Jeremiah 29:1-19","Matthew 26:36-56"
"15 Nov","Jeremiah 30:1-24","Matthew 26:57-75"
"16 Nov","Jeremiah 31:1-17, 23-34","Matthew 27:1-10"
"17 Nov","Jeremiah 33:1-22","Matthew 27:11-32"
"18 Nov","Jeremiah 37:1-21","Matthew 27:33-56"
"19 Nov","Jeremiah 38:1-28","Matthew 27:57-66"
"20 Nov","Daniel 1:1-21","Matthew 28:1-20"
"21 Nov","Daniel 2:1-23","Revelation 18:1-24"
"22 Nov","Daniel 2:24-49","Revelation 19:1-21"
"23 Nov","Daniel 3:1-30","Revelation 20:1-15"
"24 Nov","Daniel 4:1-37","Revelation 21:1-8"
"25 Nov","Daniel 5:1-30","Revelation 21:9-27"
"26 Nov","Daniel 6:1-28","Revelation 22:1-21"
"27 Nov","Isaiah 1:1-28","1 Peter 1:1-12"
"28 Nov","Isaiah 2:1-22","1 Peter 1:13-25"
"29 Nov","Isaiah 5:1-25","1 Peter 2:1-12"
"30 Nov","Isaiah 6:1-7:9","1 Peter 2:13-25"
"01 Dec","Isaiah 7:10-8:8","1 Peter 3:1-22"
"02 Dec","Isaiah 8:9-9:7","1 Peter 4:1-19"
"03 Dec","Isaiah 9:8-10:11","1 Peter 5:1-14"
"04 Dec","Isaiah 10:12-27a, 33-34","2 Peter 1:1-21"
"05 Dec","Isaiah 11:1-12:6","2 Peter 2:1-22"
"06 Dec","Isaiah 14:1-23","2 Peter 3:1-18"
"07 Dec","Isaiah 24:1-13","1 John 1:1-2:14"
"08 Dec","Isaiah 24:14-25:12","1 John 2:15-29"
"09 Dec","Isaiah 26:1-19","1 John 3:1-24"
"10 Dec","Isaiah 26:20-27:13","1 John 4:1-21"
"11 Dec","Isaiah 28:14-29","1 John 5:1-21"
"12 Dec","Isaiah 29:1-14","2 John 1-13; 3 John 1-15"
"13 Dec","Isaiah 29:15-30:14","Jude 1-25"
"14 Dec","Isaiah 30:15-26","Revelation 1:1-19"
"15 Dec","Isaiah 30:27-31:9","Revelation 2:1-29"
"16 Dec","Isaiah 32:1-20","Revelation 3:1-22"
"17 Dec","Isaiah 33:1-24","Revelation 4:1-11"
"18 Dec","Isaiah 34:1-2, 8-35:10","Revelation 5:1-14"
"19 Dec","Isaiah 40:1-17","Revelation 6:1-17"
"20 Dec","Isaiah 40:18-41:10","Revelation 7:1-17"
"21 Dec","Isaiah 42:1-25","Revelation 8:1-13"
"22 Dec","Isaiah 43:1-24","Revelation 9:1-12"
"23 Dec","Isaiah 43:25-44:20","Revelation 9:13-10:11"
"24 Dec","Isaiah 44:21-45:13, 20-25","Revelation 11:1-19"
"25 Dec","Isaiah 49:1-18","Matthew 1:1-17"
"26 Dec","Isaiah 49:22-26; 50:4-51:8, 12-16","Matthew 1:18-25"
"27 Dec","Isaiah 51:17-52:12","Matthew 2:1-12"
"28 Dec","Isaiah 52:13-54:10","Matthew 2:13-23"
"29 Dec","Isaiah 55:1-13","Luke 1:1-25"
"30 Dec","Isaiah 58:1-59:3, 14-21","Luke 1:26-38"
"31 Dec","Isaiah 60:1-22","Luke 1:39-56"
"01 Jan","Isaiah 61:1-11","Luke 1:57-80"
"02 Jan","Isaiah 62:1-12","Luke 2:1-20"
"03 Jan","Isaiah 63:1-14","Luke 2:21-40"
"04 Jan","Isaiah 63:15-65:2","Luke 2:41-52"
"05 Jan","Isaiah 65:8-25","Luke 3:1-20"
"06 Jan","Isaiah 66:1-20","Luke 3:21-38"
"07 Jan","Ezekiel 1:1-14, 22-28","Romans 1:1-17"
"08 Jan","Ezekiel 2:1-3:11","Romans 1:18-32"
"09 Jan","Ezekiel 3:12-28","Romans 2:1-16"
"10 Jan","Ezekiel 18:1-4, 19-32","Romans 2:17-29"
"11 Jan","Ezekiel 33:1-20","Romans 3:1-18"
"12 Jan","Ezekiel 34:1-24","Romans 3:19-31"
"13 Jan","Ezekiel 36:13-28","Romans 4:1-25"
"14 Jan","Ezekiel 36:33-37:14","Romans 5:1-21"
"15 Jan","Ezekiel 37:15-28","Romans 6:1-23"
"16 Jan","Ezekiel 38:1-23","Romans 7:1-20"
"17 Jan","Ezekiel 39:1-10, 17-29","Romans 7:21-8:17"
"18 Jan","Ezekiel 40:1-4; 43:1-12","Romans 8:18-39"
"19 Jan","Ezekiel 44:1-16, 23-29","Romans 9:1-18"
"20 Jan","Ezekiel 47:1-14, 21-23","Romans 9:19-33"
"21 Jan","Joel 1:1-20","Romans 10:1-21"
"22 Jan","Joel 2:1-17","Romans 11:1-24"
"23 Jan","Joel 2:18-32","Romans 11:25-12:13"
"24 Jan","Joel 3:1-21","Romans 12:14-13:14"
"25 Jan","Zechariah 1:1-21","Romans 14:1-23"
"26 Jan","Zechariah 2:1-3:10","Romans 15:1-13"
"27 Jan","Zechariah 4:1-5:11","Romans 15:14-33"
"28 Jan","Zechariah 6:1-7:14","Romans 16:17-27"
"29 Jan","Zechariah 8:1-23","2 Timothy 1:1-18"
"30 Jan","Zechariah 9:1-17","2 Timothy 2:1-26"
"31 Jan","Zechariah 10:1-11:3","2 Timothy 3:1-18"
"01 Feb","Zechariah 11:4-17","2 Timothy 4:1-18"
"02 Feb","Zechariah 12:1-13:9","Titus 1:1-2:6"
"03 Feb","Zechariah 14:1-21","Titus 2:7-3:15"
"04 Feb","Job 1:1-22","John 1:1-18"
"05 Feb","Job 2:1-3:10","John 1:19-34"
"06 Feb","Job 3:11-26","John 1:35-51"
"07 Feb","Job 4:1-21","John 2:1-12"
"08 Feb","Job 5:1-27","John 2:13-25"
"09 Feb","Job 6:1-13","John 3:1-21"
"10 Feb","Job 6:14-30","John 3:22-4:6"
"11 Feb","Job 7:1-21","John 4:7-26"
"12 Feb","Job 8:1-22","John 4:27-45"
"13 Feb","Job 9:1-35","John 4:46-54"
"14 Feb","Job 10:1-22","John 5:1-18"
"15 Feb","Job 11:1-20","John 5:19-29"
"16 Feb","Job 12:1-6, 12-25","John 5:30-47"
"17 Feb","Job 13:1-12","John 6:1-21"
"18 Feb","Job 13:13-28","John 6:22-40"
"19 Feb","Job 14:1-22","John 6:41-59"
"20 Feb","Job 15:1-23, 30-35","John 6:60-71"
"21 Feb","Job 16:1-21","John 7:1-13"
"22 Feb","Job 17:1-16","John 7:14-31"
"23 Feb","Job 18:1-21","John 7:32-53"
"24 Feb","Job 19:1-12, 21-27","John 8:1-20"
"25 Feb","Job 20:1-23, 29","John 8:21-38"
"26 Feb","Job 21:1-21","John 8:39-59"
"27 Feb","Job 30:16-31","John 9:1-23"
"28 Feb","Job 31:1-12, 33-40","John 9:24-41"
"29 Feb","Job 32:1-22","John 10:1-21"
"01 Mar","Job 33:1-18","John 10:22-42"
"02 Mar","Job 33:19-34:9","John 11:1-16"
"03 Mar","Job 34:10-33","John 11:17-37"
"04 Mar","Job 36:1-21","John 11:38-57"
"05 Mar","Job 37:1-24","John 12:1-19"
"06 Mar","Job 38:1-18","John 12:20-36a"
"07 Mar","Job 40:1-24","John 12:36b-50"
"08 Mar","Job 41:1-20, 31-34","John 13:1-20"
"09 Mar","Job 42:1-17","John 13:21-38"